gene,accession,ott_order,name,reference_name,reference_taxon,tree_name
18S,SRR921614,Archaeognatha,Machilis hrabei,Machilis_820895,Archaeognatha,Machilis
28S,SRR921614,Archaeognatha,Machilis hrabei,Machilis_820895,Archaeognatha,Machilis
18S,SRR921617,Archaeognatha,Meinertellus cundinamarcensis,Meinertellus_3005330,Archaeognatha,Meinertellus
28S,SRR921617,Archaeognatha,Meinertellus cundinamarcensis,Meinertellus_3005330,Archaeognatha,Meinertellus
18S,SRR921563,Coleoptera,Aleochara curtula,Aleochara_725145,Coleoptera,Aleochara
28S,SRR921563,Coleoptera,Aleochara curtula,Aleochara_725145,Coleoptera,Aleochara
18S,SRR596983,Coleoptera,Carabus granulatus,Carabus_413468,Coleoptera,Carabus
28S,SRR596983,Coleoptera,Carabus granulatus,Carabus_413468,Coleoptera,Carabus
18S,HG813121.1.1951,Coleoptera,Carabus latreilleanus,Carabus_413468,Coleoptera,Carabus
28S,ET797345.1,Coleoptera,Carabus nemoralis,Carabus_413468,Coleoptera,Carabus
18S,,Coleoptera,Dendroctonus frontalis,Dendroctonus_541438,Coleoptera,Dendroctonus
28S,KP419429.1,Coleoptera,Dendroctonus frontalis,Dendroctonus_541438,Coleoptera,Dendroctonus
18S,GAFX01007078.3.1914,Coleoptera,Dendroctonus ponderosae (mountain pine beetle),Dendroctonus_541438,Coleoptera,Dendroctonus
28S,,Coleoptera,Dendroctonus ponderosae (mountain pine beetle),Dendroctonus_541438,Coleoptera,Dendroctonus
18S,SRR921604,Coleoptera,Gyrinus marinus,Gyrinus_112570,Coleoptera,Gyrinus
28S,SRR921604,Coleoptera,Gyrinus marinus,Gyrinus_112570,Coleoptera,Gyrinus
28S,EU797355.1,Coleoptera,Gyrinus woodruffi,Gyrinus_112570,Coleoptera,Gyrinus
18S,SRR921609,Coleoptera,Lepicerus sp. AD-2013,Lepicerus_900806,Coleoptera,Lepicerus
28S,SRR921609,Coleoptera,Lepicerus sp. AD-2013,Lepicerus_900806,Coleoptera,Lepicerus
18S,SRR921618,Coleoptera,Meloe violaceus,Meloe_321954,Coleoptera,Meloe
28S,SRR921618,Coleoptera,Meloe violaceus,Meloe_321954,Coleoptera,Meloe
18S,ET797411.1.1971,Coleoptera,Priacma serrata,Priacma_347781,Coleoptera,Priacma
18S,SRR596769,Coleoptera,Priacma serrata,Priacma_347781,Coleoptera,Priacma
28S,KP419595.1,Coleoptera,Priacma serrata,Priacma_347781,Coleoptera,Priacma
28S,SRR596769,Coleoptera,Priacma serrata,Priacma_347781,Coleoptera,Priacma
18S,HM156711.1.1831,Coleoptera,Tribolium castaneum (red flour beetle),Tribolium_1093463,Coleoptera,Tribolium
28S,HM156703.1,Coleoptera,Tribolium castaneum (red flour beetle),Tribolium_1093463,Coleoptera,Tribolium
18S,SRR921564,Collembola,Anurida maritima,Anurida_84736,Collembola,Anurida
18S,,Collembola,Anurida maritima,Anurida_84736,Collembola,Anurida
28S,SRR921564,Collembola,Anurida maritima,Anurida_84736,Collembola,Anurida
28S,AJ251738.4,Collembola,Anurida maritima,Anurida_84736,Collembola,Anurida
18S,SRR921597,Collembola,Folsomia candida,Folsomia_507328,Collembola,Folsomia
28S,SRR921597,Collembola,Folsomia candida,Folsomia_507328,Collembola,Folsomia
18S,SRR921635,Collembola,Pogonognathellus sp. AD-2013,Pogonognathellus_281175,Collembola,Pogonognathellus
28S,SRR921635,Collembola,Pogonognathellus sp. AD-2013,Pogonognathellus_281175,Collembola,Pogonognathellus
18S,SRR921641,Collembola,Sminthurus viridis,Sminthurus_510667,Collembola,Sminthurus
28S,SRR921641,Collembola,Sminthurus viridis,Sminthurus_510667,Collembola,Sminthurus
18S,SRR921647,Collembola,Tetrodontophora bielanensis,Tetrodontophora_579167,Collembola,Tetrodontophora
28S,SRR921647,Collembola,Tetrodontophora bielanensis,Tetrodontophora_579167,Collembola,Tetrodontophora
18S,SRR921565,Dermaptera,Apachyus charteceus,Apachyus_1030107,Dermaptera,Apachyus
28S,SRR921565,Dermaptera,Apachyus charteceus,Apachyus_1030107,Dermaptera,Apachyus
18S,SRR921598,Dermaptera,Forficula auricularia,Forficula_661722,Dermaptera,Forficula
28S,SRR921598,Dermaptera,Forficula auricularia,Forficula_661722,Dermaptera,Forficula
18S,SRR921572,Blattodea,Blaberus atropos,Blaberus_518254,Dictyoptera,Blaberus
28S,SRR921572,Blattodea,Blaberus atropos,Blaberus_518254,Dictyoptera,Blaberus
18S,SRR921587,Blattodea,Cryptocercus wrighti,Cryptocercus_991750,Dictyoptera,Cryptocercus
28S,SRR921587,Blattodea,Cryptocercus wrighti,Cryptocercus_991750,Dictyoptera,Cryptocercus
18S,SRR921616,Isoptera,Mastotermes darwiniensis,Mastotermes_362117,Dictyoptera,Mastotermes
28S,SRR921616,Isoptera,Mastotermes darwiniensis,Mastotermes_362117,Dictyoptera,Mastotermes
18S,SRR921630,Blattodea,Periplaneta americana,Periplaneta_48276,Dictyoptera,Periplaneta
28S,SRR921630,Blattodea,Periplaneta americana,Periplaneta_48276,Dictyoptera,Periplaneta
18S,SRR921637,Blattodea,Prorhinotermes simplex,Prorhinotermes_216735,Dictyoptera,Prorhinotermes
28S,SRR921637,Blattodea,Prorhinotermes simplex,Prorhinotermes_216735,Dictyoptera,Prorhinotermes
18S,SRR921576,Diplura,Campodea augens,Campodea_296195,Diplura,Campodea
18S,EU368599.1,Diplura,Campodea augens,Campodea_296195,Diplura,Campodea
18S,,Diplura,Campodea augens,Campodea_296195,Diplura,Campodea
28S,SRR921576,Diplura,Campodea augens,Campodea_296195,Diplura,Campodea
28S,,Diplura,Campodea augens,Campodea_296195,Diplura,Campodea
28S,EF199977.2,Diplura,Campodea augens,Campodea_296195,Diplura,Campodea
18S,SRR921624,Diplura,Occasjapyx japonicus,Occasjapyx_639800,Diplura,Occasjapyx
18S,AY596365.1,Diplura,Occasjapyx japonicus,Occasjapyx_639800,Diplura,Occasjapyx
18S,,Diplura,Occasjapyx japonicus,Occasjapyx_639800,Diplura,Occasjapyx
28S,SRR921624,Diplura,Occasjapyx japonicus,Occasjapyx_639800,Diplura,Occasjapyx
28S,,Diplura,Occasjapyx japonicus,Occasjapyx_639800,Diplura,Occasjapyx
28S,EF192438.1,Diplura,Occasjapyx japonicus,Occasjapyx_639800,Diplura,Occasjapyx
18S,AAGE02025424.5931.7876,Diptera,Aedes aegypti (yellow fever mosquito),Aedes_5542998,Diptera,Aedes
28S,AAGE02025428.15014.18154,Diptera,Aedes aegypti (yellow fever mosquito),Aedes_5542998,Diptera,Aedes
18S,LCWJ01007392.34.2043,Diptera,Anopheles gambiae,Anopheles_793190,Diptera,Anopheles
28S,LCWJ01006757.4.3699,Diptera,Anopheles gambiae,Anopheles_793190,Diptera,Anopheles
18S,SRR921570,Diptera,Bibio marci,Bibio_121915,Diptera,Bibio
28S,SRR921570,Diptera,Bibio marci,Bibio_121915,Diptera,Bibio
18S,SRR921573,Diptera,Bombylius major,Bombylius_376338,Diptera,Bombylius
28S,SRR921573,Diptera,Bombylius major,Bombylius_376338,Diptera,Bombylius
18S,JAQD01000755.1.1633,Diptera,Drosophila melanogaster (fruit fly),Drosophila_34907,Diptera,Drosophila
28S,AC246465.54468.57411,Diptera,Drosophila melanogaster (fruit fly),Drosophila_34907,Diptera,Drosophila
28S,KC177803.1,Diptera,Drosophila melanogaster (fruit fly),Drosophila_34907,Diptera,Drosophila
18S,KC177312.1.1942,Diptera,Glossina morsitans,Glossina_753708,Diptera,Glossina
28S,KC177834.1.3860,Diptera,Glossina morsitans,Glossina_753708,Diptera,Glossina
18S,SRR921612,Diptera,Lipara lucens,Lipara_4413820,Diptera,Lipara
28S,SRR921612,Diptera,Lipara lucens,Lipara_4413820,Diptera,Lipara
18S,,Diptera,Phlebotomus duboscqi,Phlebotomus_744763,Diptera,Phlebotomus
28S,FJ040566.1.3898,Diptera,Phlebotomus duboscqi,Phlebotomus_744763,Diptera,Phlebotomus
18S,AJ244361.1.2088,Diptera,Phlebotomus simici,Phlebotomus_744763,Diptera,Phlebotomus
28S,,Diptera,Phlebotomus simici,Phlebotomus_744763,Diptera,Phlebotomus
18S,SRR3647626,Diptera,Rhagoletis pomonella,Rhagoletis_1057208,Diptera,Rhagoletis
28S,SRR3647626,Diptera,Rhagoletis pomonella,Rhagoletis_1057208,Diptera,Rhagoletis
18S,EZ596809.10.1986,Diptera,Sarcophaga crassipalpis,Sarcophaga_5554316,Diptera,Sarcophaga
28S,JF439572.1.2179,Diptera,Sarcophaga crassipalpis,Sarcophaga_5554316,Diptera,Sarcophaga
18S,GQ465778.1.1943,Diptera,Tipula abdominalis,Tipula_990415,Diptera,Tipula
28S,KC177678.1.3726,Diptera,Tipula abdominalis,Tipula_990415,Diptera,Tipula
18S,SRR921652,Diptera,Triarthria setipennis,Triarthria_156999,Diptera,Triarthria
28S,SRR921652,Diptera,Triarthria setipennis,Triarthria_156999,Diptera,Triarthria
18S,SRR921653,Diptera,Trichocera saltator,Trichocera_373195,Diptera,Trichocera
28S,SRR921653,Diptera,Trichocera saltator,Trichocera_373195,Diptera,Trichocera
18S,SRR921566,Embioptera,Aposthonia japonica,Aposthonia_556765,Embioptera,Aposthonia
28S,SRR921566,Embioptera,Aposthonia japonica,Aposthonia_556765,Embioptera,Aposthonia
18S,SRR921605,Embioptera,Haploembia palaui,Haploembia_956976,Embioptera,Haploembia
28S,SRR921605,Embioptera,Haploembia palaui,Haploembia_956976,Embioptera,Haploembia
18S,SRR921569,Ephemeroptera,Baetis sp. AD-2013,Baetis_48989,Ephemeroptera,Baetis
28S,SRR921569,Ephemeroptera,Baetis sp. AD-2013,Baetis_48989,Ephemeroptera,Baetis
18S,SRR921591,Ephemeroptera,Ephemera danica,Ephemera_669563,Ephemeroptera,Ephemera
28S,SRR921591,Ephemeroptera,Ephemera danica,Ephemera_669563,Ephemeroptera,Ephemera
18S,SRR921596,Ephemeroptera,Eurylophella sp. AD-2013,Eurylophella_343940,Ephemeroptera,Eurylophella
28S,SRR921596,Ephemeroptera,Eurylophella sp. AD-2013,Eurylophella_343940,Ephemeroptera,Eurylophella
18S,SRR921608,Ephemeroptera,Isonychia bicolor,Isonychia_796475,Ephemeroptera,Isonychia
28S,SRR921608,Ephemeroptera,Isonychia bicolor,Isonychia_796475,Ephemeroptera,Isonychia
18S,SRR921600,Grylloblattodea,Galloisiana yuasai,Galloisiana_887247,Grylloblattodea,Galloisiana
28S,SRR921600,Grylloblattodea,Galloisiana yuasai,Galloisiana_887247,Grylloblattodea,Galloisiana
18S,SRR921601,Grylloblattodea,Grylloblatta bifratrilecta,Grylloblatta_489985,Grylloblattodea,Grylloblatta
28S,SRR921601,Grylloblattodea,Grylloblatta bifratrilecta,Grylloblatta_489985,Grylloblattodea,Grylloblatta
18S,SRR921560,Hemiptera,Acanthocasuarina muellerianae,,Hemiptera,Acanthocasuarina
28S,SRR921560,Hemiptera,Acanthocasuarina muellerianae,,Hemiptera,Acanthocasuarina
18S,SRR921561,Hemiptera,Acanthosoma haemorrhoidale,Acanthosoma_935459,Hemiptera,Acanthosoma
28S,SRR921561,Hemiptera,Acanthosoma haemorrhoidale,Acanthosoma_935459,Hemiptera,Acanthosoma
18S,AY216697.1.2480,Hemiptera,Aphis citricidus (brown citrus aphid),Aphis_1026470,Hemiptera,Aphis
28S,,Hemiptera,Aphis citricidus (brown citrus aphid),Aphis_1026470,Hemiptera,Aphis
18S,SRR4384533,Hemiptera,Aphis gossypii,Aphis_1026470,Hemiptera,Aphis
28S,SRR4384533,Hemiptera,Aphis gossypii,Aphis_1026470,Hemiptera,Aphis
18S,GCZW01018184.195.2694,Hemiptera,Bemisia tabaci,,Hemiptera,Bemisia
18S,SRR1159209,Hemiptera,Bemisia tabaci,,Hemiptera,Bemisia
28S,,Hemiptera,Bemisia tabaci,,Hemiptera,Bemisia
28S,SRR1159209,Hemiptera,Bemisia tabaci,,Hemiptera,Bemisia
18S,SRR921578,Hemiptera,Cercopis vulnerata,Cercopis_3410,Hemiptera,Cercopis
28S,SRR921578,Hemiptera,Cercopis vulnerata,Cercopis_3410,Hemiptera,Cercopis
18S,SRR921594,Hemiptera,Essigella californica,Essigella_753374,Hemiptera,Essigella
28S,SRR921594,Hemiptera,Essigella californica,Essigella_753374,Hemiptera,Essigella
18S,SRR921622,Hemiptera,Nilaparvata lugens,Nilaparvata_876546,Hemiptera,Nilaparvata
28S,SRR921622,Hemiptera,Nilaparvata lugens,Nilaparvata_876546,Hemiptera,Nilaparvata
18S,SRR921623,Hemiptera,Notostira elongata,Notostira_3478333,Hemiptera,Notostira
28S,SRR921623,Hemiptera,Notostira elongata,Notostira_3478333,Hemiptera,Notostira
18S,SRR921625,Hemiptera,Okanagana villosa,Okanagana_58995,Hemiptera,Okanagana
28S,SRR921625,Hemiptera,Okanagana villosa,Okanagana_58995,Hemiptera,Okanagana
18S,SRR921633,Hemiptera,Planococcus citri,Planococcus_378037,Hemiptera,Planococcus
28S,SRR921633,Hemiptera,Planococcus citri,Planococcus_378037,Hemiptera,Planococcus
28S,KU891800.1,Hemiptera,Planococcus minor,Planococcus_378037,Hemiptera,Planococcus
18S,SRR921639,Hemiptera,Ranatra linearis,Ranatra_169151,Hemiptera,Ranatra
28S,SRR921639,Hemiptera,Ranatra linearis,Ranatra_169151,Hemiptera,Ranatra
18S,SRR921651,Hemiptera,Trialeurodes vaporariorum,,Hemiptera,Trialeurodes
28S,SRR921651,Hemiptera,Trialeurodes vaporariorum,,Hemiptera,Trialeurodes
18S,SRR921656,Hemiptera,Velia caprai,Velia_346924,Hemiptera,Velia
28S,SRR921656,Hemiptera,Velia caprai,Velia_346924,Hemiptera,Velia
18S,SRR921658,Hemiptera,Xenophysella greensladeae,Xenophysella_703980,Hemiptera,Xenophysella
28S,SRR921658,Hemiptera,Xenophysella greensladeae,Xenophysella_703980,Hemiptera,Xenophysella
18S,ERR034191,Hymenoptera,Acromyrmex echinatior,Acromyrmex_680779,Hymenoptera,Acromyrmex
28S,ERR034191,Hymenoptera,Acromyrmex echinatior,Acromyrmex_680779,Hymenoptera,Acromyrmex
18S,EF012826.1.1856,Hymenoptera,Acromyrmex versicolor,Acromyrmex_680779,Hymenoptera,Acromyrmex
28S,,Hymenoptera,Acromyrmex versicolor,Acromyrmex_680779,Hymenoptera,Acromyrmex
18S,HP556970.4301.6213,Hymenoptera,Apis mellifera (honey bee),Apis_52851,Hymenoptera,Apis
28S,HP510367.1796.4562,Hymenoptera,Apis mellifera (honey bee),Apis_52851,Hymenoptera,Apis
18S,JI122587.261.1589,Hymenoptera,Bombus impatiens,Bombus_61351,Hymenoptera,Bombus
28S,JI122858.561.3201,Hymenoptera,Bombus impatiens,Bombus_61351,Hymenoptera,Bombus
18S,SRR921581,Hymenoptera,Chrysis viridula,Chrysis_881312,Hymenoptera,Chrysis
28S,SRR921581,Hymenoptera,Chrysis viridula,Chrysis_881312,Hymenoptera,Chrysis
18S,SRR921586,Hymenoptera,Cotesia vestalis,Cotesia_553561,Hymenoptera,Cotesia
28S,SRR921586,Hymenoptera,Cotesia vestalis,Cotesia_553561,Hymenoptera,Cotesia
18S,,Hymenoptera,Exoneura,,Hymenoptera,Exoneura
28S,,Hymenoptera,Exoneura,,Hymenoptera,Exoneura
18S,AEAC01025389.2909.4259,Hymenoptera,Harpegnathos saltator (Jerdon's jumping ant),Harpegnathos_961253,Hymenoptera,Harpegnathos
28S,AEAC01023044.5036.7003,Hymenoptera,Harpegnathos saltator (Jerdon's jumping ant),Harpegnathos_961253,Hymenoptera,Harpegnathos
18S,SRR921610,Hymenoptera,Leptopilina clavipes,Leptopilina_485012,Hymenoptera,Leptopilina
28S,SRR921610,Hymenoptera,Leptopilina clavipes,Leptopilina_485012,Hymenoptera,Leptopilina
18S,GBEC01025058.568.2472,Hymenoptera,Nasonia giraulti,Nasonia_729596,Hymenoptera,Nasonia
28S,GBEC01008958.729.3792,Hymenoptera,Nasonia giraulti,Nasonia_729596,Hymenoptera,Nasonia
18S,SRR921626,Hymenoptera,Orussus abietinus,Orussus_76558,Hymenoptera,Orussus
28S,SRR921626,Hymenoptera,Orussus abietinus,Orussus_76558,Hymenoptera,Orussus
18S,SRR921645,Hymenoptera,Tenthredo koehleri,Tenthredo_359159,Hymenoptera,Tenthredo
28S,SRR921645,Hymenoptera,Tenthredo koehleri,Tenthredo_359159,Hymenoptera,Tenthredo
18S,AADK01032754.1220.3117,Lepidoptera,Bombyx mori (domestic silkworm),Bombyx_440273,Lepidoptera,Bombyx
28S,AADK01028522.207.3426,Lepidoptera,Bombyx mori (domestic silkworm),Bombyx_440273,Lepidoptera,Bombyx
18S,SRR921593,Lepidoptera,Dyseriocrania subpurpurella,Dyseriocrania_663283,Lepidoptera,Dyseriocrania
28S,SRR921593,Lepidoptera,Dyseriocrania subpurpurella,Dyseriocrania_663283,Lepidoptera,Dyseriocrania
18S,SRR1577014,Lepidoptera,Manduca sexta,Manduca_845197,Lepidoptera,Manduca
28S,SRR1577014,Lepidoptera,Manduca sexta,Manduca_845197,Lepidoptera,Manduca
18S,GT169692.1.1835,Lepidoptera,Micropterix calthella,Micropterix_838216,Lepidoptera,Micropterix
28S,KC177630.1.3306,Lepidoptera,Micropterix calthella,Micropterix_838216,Lepidoptera,Micropterix
18S,SRR921621,Lepidoptera,Nemophora degeerella,Nemophora_801145,Lepidoptera,Nemophora
28S,SRR921621,Lepidoptera,Nemophora degeerella,Nemophora_801145,Lepidoptera,Nemophora
18S,SRR921629,Lepidoptera,Parides eurimedes,Parides_160800,Lepidoptera,Parides
28S,SRR921629,Lepidoptera,Parides eurimedes,Parides_160800,Lepidoptera,Parides
18S,SRR921636,Lepidoptera,Polyommatus icarus,Polyommatus_3147190,Lepidoptera,Polyommatus
28S,SRR921636,Lepidoptera,Polyommatus icarus,Polyommatus_3147190,Lepidoptera,Polyommatus
18S,SRR921655,Lepidoptera,Triodia sylvina,Triodia_504968,Lepidoptera,Triodia
28S,SRR921655,Lepidoptera,Triodia sylvina,Triodia_504968,Lepidoptera,Triodia
18S,SRR921659,Lepidoptera,Yponomeuta evonymellus,Yponomeuta_1085167,Lepidoptera,Yponomeuta
28S,SRR921659,Lepidoptera,Yponomeuta evonymellus,Yponomeuta_1085167,Lepidoptera,Yponomeuta
18S,SRR921661,Lepidoptera,Zygaena fausta,Zygaena_624915,Lepidoptera,Zygaena
28S,SRR921661,Lepidoptera,Zygaena fausta,Zygaena_624915,Lepidoptera,Zygaena
18S,SRR921590,Mantodea,Empusa pennata,Empusa_87192,Mantodea,Empusa
28S,SRR921590,Mantodea,Empusa pennata,Empusa_87192,Mantodea,Empusa
18S,SRR921615,Mantodea,Mantis religiosa,Mantis_641494,Mantodea,Mantis
28S,SRR921615,Mantodea,Mantis religiosa,Mantis_641494,Mantodea,Mantis
18S,SRR921620,Mantodea,Metallyticus splendidus,Metallyticus_670562,Mantodea,Metallyticus
28S,SRR921620,Mantodea,Metallyticus splendidus,Metallyticus_670562,Mantodea,Metallyticus
18S,SRR921644,Mantophasmatodea,Tanzaniophasma sp. AD-2013,Tanzaniophasma_3480482,Mantophasmatodea,Tanzaniophasma
28S,SRR921644,Mantophasmatodea,Tanzaniophasma sp. AD-2013,Tanzaniophasma_3480482,Mantophasmatodea,Tanzaniophasma
18S,SRR921571,Mecoptera,Bittacus pilicornis,Bittacus_1094293,Mecoptera,Bittacus
28S,SRR921571,Mecoptera,Bittacus pilicornis,Bittacus_1094293,Mecoptera,Bittacus
18S,SRR921574,Mecoptera,Boreus hyemalis,Boreus_984742,Mecoptera,Boreus
28S,SRR921574,Mecoptera,Boreus hyemalis,Boreus_984742,Mecoptera,Boreus
18S,AF334799.1.1878,Mecoptera,Nannochorista neotropica,Nannochorista_524826,Mecoptera,Nannochorista
28S,AF338261.1.2274,Mecoptera,Nannochorista neotropica,Nannochorista_524826,Mecoptera,Nannochorista
18S,SRR921628,Mecoptera,Panorpa vulgaris,Panorpa_556771,Mecoptera,Panorpa
28S,SRR921628,Mecoptera,Panorpa vulgaris,Panorpa_556771,Mecoptera,Panorpa
18S,SRR921584,Megaloptera,Corydalus cornutus,Corydalus_1062257,Megaloptera,Corydalus
28S,SRR921584,Megaloptera,Corydalus cornutus,Corydalus_1062257,Megaloptera,Corydalus
18S,AY521864.1.2016,Megaloptera,Sialis hamata,Sialis_418213,Megaloptera,Sialis
28S,AY521793.1.2475,Megaloptera,Sialis hamata,Sialis_418213,Megaloptera,Sialis
18S,SRR921582,Neuroptera,Conwentzia psociformis,Conwentzia_565352,Neuroptera,Conwentzia
28S,SRR921582,Neuroptera,Conwentzia psociformis,Conwentzia_565352,Neuroptera,Conwentzia
18S,SRR921595,Neuroptera,Euroleon nostras,Euroleon_1043120,Neuroptera,Euroleon
28S,SRR921595,Neuroptera,Euroleon nostras,Euroleon_1043120,Neuroptera,Euroleon
18S,SRR921627,Neuroptera,Osmylus fulvicephalus,Osmylus_247487,Neuroptera,Osmylus
28S,SRR921627,Neuroptera,Osmylus fulvicephalus,Osmylus_247487,Neuroptera,Osmylus
18S,SRR921589,Neuroptera,Pseudomallada prasinus,Pseudomallada_770517,Neuroptera,Pseudomallada
28S,SRR921589,Neuroptera,Pseudomallada prasinus,Pseudomallada_770517,Neuroptera,Pseudomallada
18S,SRR921575,Odonata,Calopteryx splendens,Calopteryx_5015630,Odonata,Calopteryx
28S,SRR921575,Odonata,Calopteryx splendens,Calopteryx_5015630,Odonata,Calopteryx
18S,SRR921583,Odonata,Cordulegaster boltonii,Cordulegaster_210438,Odonata,Cordulegaster
28S,SRR921583,Odonata,Cordulegaster boltonii,Cordulegaster_210438,Odonata,Cordulegaster
18S,SRR921592,Odonata,Epiophlebia superstes,Epiophlebia_915723,Odonata,Epiophlebia
28S,SRR921592,Odonata,Epiophlebia superstes,Epiophlebia_915723,Odonata,Epiophlebia
18S,SRR921579,Orthoptera,Ceuthophilus sp. AD-2013,Ceuthophilus_188744,Orthoptera,Ceuthophilus
28S,SRR921579,Orthoptera,Ceuthophilus sp. AD-2013,Ceuthophilus_188744,Orthoptera,Ceuthophilus
18S,SRR921602,Orthoptera,Gryllotalpa sp. AD-2013,Gryllotalpa_202321,Orthoptera,Gryllotalpa
28S,SRR921602,Orthoptera,Gryllotalpa sp. AD-2013,Gryllotalpa_202321,Orthoptera,Gryllotalpa
18S,SRR921638,Orthoptera,Prosarthria teretrirostris,Prosarthria_750332,Orthoptera,Prosarthria
28S,SRR921638,Orthoptera,Prosarthria teretrirostris,Prosarthria_750332,Orthoptera,Prosarthria
18S,SRR921642,Orthoptera,Stenobothrus lineatus,Stenobothrus_706823,Orthoptera,Stenobothrus
28S,SRR921642,Orthoptera,Stenobothrus lineatus,Stenobothrus_706823,Orthoptera,Stenobothrus
18S,SRR921646,Orthoptera,Tetrix subulata,Tetrix_5540501,Orthoptera,Tetrix
28S,SRR921646,Orthoptera,Tetrix subulata,Tetrix_5540501,Orthoptera,Tetrix
18S,SRR645929,Psocoptera,Ectopsocus briggsi,Ectopsocus_899850,Psocodea,Ectopsocus
28S,SRR645929,Psocoptera,Ectopsocus briggsi,Ectopsocus_899850,Psocodea,Ectopsocus
18S,SRR921613,Psocoptera,Liposcelis bostrychophila,Liposcelis_433879,Psocodea,Liposcelis
28S,SRR921613,Psocoptera,Liposcelis bostrychophila,Liposcelis_433879,Psocodea,Liposcelis
18S,SRR921619,Phthiraptera,Menopon gallinae,Menopon_174702,Psocodea,Menopon
28S,SRR921619,Phthiraptera,Menopon gallinae,Menopon_174702,Psocodea,Menopon
18S,FJ267395.1.2066,Phthiraptera,Pediculus humanus,Pediculus_1034022,Psocodea,Pediculus
28S,AAZO01003111.868.4225,Phthiraptera,Pediculus humanus,Pediculus_1034022,Psocodea,Pediculus
18S,SRR921567,Phasmatodea,Aretaon asperrimus,Aretaon_390513,Phasmatodea,Aretaon
28S,SRR921567,Phasmatodea,Aretaon asperrimus,Aretaon_390513,Phasmatodea,Aretaon
18S,SRR921632,Phasmatodea,Peruphasma schultei,Peruphasma_762238,Phasmatodea,Peruphasma
28S,SRR921632,Phasmatodea,Peruphasma schultei,Peruphasma_762238,Phasmatodea,Peruphasma
18S,SRR921650,Phasmatodea,Timema cristinae,Timema_814240,Phasmatodea,Timema
28S,SRR921650,Phasmatodea,Timema cristinae,Timema_814240,Phasmatodea,Timema
18S,SRR921585,Plecoptera,Cosmioperla kuna,Cosmioperla_74576,Plecoptera,Cosmioperla
28S,SRR921585,Plecoptera,Cosmioperla kuna,Cosmioperla_74576,Plecoptera,Cosmioperla
18S,SRR921611,Plecoptera,Leuctra sp. AD-2013,Leuctra_1002095,Plecoptera,Leuctra
28S,SRR921611,Plecoptera,Leuctra sp. AD-2013,Leuctra_1002095,Plecoptera,Leuctra
18S,SRR921631,Plecoptera,Perla marginata,Perla_5521649,Plecoptera,Perla
28S,SRR921631,Plecoptera,Perla marginata,Perla_5521649,Plecoptera,Perla
18S,,Protura,Acerentomon franzi,Acerentomon_599106,Protura,Acerentomon
28S,EF199976.2,Protura,Acerentomon franzi,Acerentomon_599106,Protura,Acerentomon
18S,HQ882808.1,Protura,Acerentomon microrhinus,Acerentomon_599106,Protura,Acerentomon
28S,,Protura,Acerentomon microrhinus,Acerentomon_599106,Protura,Acerentomon
18S,SRR921562,Protura,Acerentomon sp. AD-2013,Acerentomon_599106,Protura,Acerentomon
28S,SRR921562,Protura,Acerentomon sp. AD-2013,Acerentomon_599106,Protura,Acerentomon
18S,SRR921607,Raphidioptera,Inocellia crassicornis,Inocellia_719879,Raphidioptera,Inocellia
28S,SRR921607,Raphidioptera,Inocellia crassicornis,Inocellia_719879,Raphidioptera,Inocellia
18S,SRR921657,Raphidioptera,Xanthostigma xanthostigma,Xanthostigma_512421,Raphidioptera,Xanthostigma
28S,SRR921657,Raphidioptera,Xanthostigma xanthostigma,Xanthostigma_512421,Raphidioptera,Xanthostigma
18S,X89486.1.1926,Siphonaptera,Archaeopsylla erinacei,Archaeopsylla_408315,Siphonaptera,Archaeopsylla
18S,SRR578730,Siphonaptera,Archaeopsylla erinacei,Archaeopsylla_408315,Siphonaptera,Archaeopsylla
28S,,Siphonaptera,Archaeopsylla erinacei,Archaeopsylla_408315,Siphonaptera,Archaeopsylla
28S,SRR578730,Siphonaptera,Archaeopsylla erinacei,Archaeopsylla_408315,Siphonaptera,Archaeopsylla
18S,SRR921577,Siphonaptera,Ceratophyllus gallinae,Ceratophyllus_974345,Siphonaptera,Ceratophyllus
28S,SRR921577,Siphonaptera,Ceratophyllus gallinae,Ceratophyllus_974345,Siphonaptera,Ceratophyllus
18S,SRR921588,Siphonaptera,Ctenocephalides felis,Ctenocephalides_81978,Siphonaptera,Ctenocephalides
28S,SRR921588,Siphonaptera,Ctenocephalides felis,Ctenocephalides_81978,Siphonaptera,Ctenocephalides
18S,X89441.1.2974,Strepsiptera,Mengenilla chobauti,Mengenilla_418221,Strepsiptera,Mengenilla
18S,SRR619393,Strepsiptera,Mengenilla chobauti,Mengenilla_418221,Strepsiptera,Mengenilla
28S,,Strepsiptera,Mengenilla chobauti,Mengenilla_418221,Strepsiptera,Mengenilla
28S,SRR619393,Strepsiptera,Mengenilla chobauti,Mengenilla_418221,Strepsiptera,Mengenilla
18S,,Strepsiptera,Mengenilla sp.,Mengenilla_418221,Strepsiptera,Mengenilla
28S,KC177631.1,Strepsiptera,Mengenilla sp.,Mengenilla_418221,Strepsiptera,Mengenilla
18S,X89440.1,Strepsiptera,Stylops melittae,Stylops_271151,Strepsiptera,Stylops
28S,SRR921643,Strepsiptera,Stylops melittae,Stylops_271151,Strepsiptera,Stylops
18S,SRR921599,Thysanoptera,Frankliniella cephalica,Frankliniella_768551,Thysanoptera,Frankliniella
28S,SRR921599,Thysanoptera,Frankliniella cephalica,Frankliniella_768551,Thysanoptera,Frankliniella
18S,SRR921603,Thysanoptera,Gynaikothrips ficorum,Gynaikothrips_235740,Thysanoptera,Gynaikothrips
28S,SRR921603,Thysanoptera,Gynaikothrips ficorum,Gynaikothrips_235740,Thysanoptera,Gynaikothrips
18S,SRR921649,Thysanoptera,Thrips palmi,Thrips_211780,Thysanoptera,Thrips
28S,SRR921649,Thysanoptera,Thrips palmi,Thrips_211780,Thysanoptera,Thrips
18S,SRR921580,Trichoptera,Annulipalpia sp. AD-2013,,Trichoptera,Annulipalpia chim.
28S,SRR921580,Trichoptera,Annulipalpia sp. AD-2013,,Trichoptera,Annulipalpia chim.
18S,SRR921606,Trichoptera,Hydroptila sp. AD-2013,Hydroptila_1089625,Trichoptera,Hydroptila
28S,SRR921606,Trichoptera,Hydroptila sp. AD-2013,Hydroptila_1089625,Trichoptera,Hydroptila
18S,SRR621117,Trichoptera,Philopotamus ludificatus,Philopotamus_264473,Trichoptera,Philopotamus
28S,SRR621117,Trichoptera,Philopotamus ludificatus,Philopotamus_264473,Trichoptera,Philopotamus
18S,SRR921634,Trichoptera,Platycentropus radiatus,Platycentropus_925544,Trichoptera,Platycentropus
28S,SRR921634,Trichoptera,Platycentropus radiatus,Platycentropus_925544,Trichoptera,Platycentropus
18S,SRR921640,Trichoptera,Rhyacophila fasciata,Rhyacophila_200016,Trichoptera,Rhyacophila
28S,SRR921640,Trichoptera,Rhyacophila fasciata,Rhyacophila_200016,Trichoptera,Rhyacophila
18S,SRR921660,Zoraptera,Zorotypus caudelli,Zorotypus_955258,Zoraptera,Zorotypus
28S,SRR921660,Zoraptera,Zorotypus caudelli,Zorotypus_955258,Zoraptera,Zorotypus
18S,,Zoraptera,Zorotypus weidneri,Zorotypus_955258,Zoraptera,Zorotypus
28S,JN192452.1,Zoraptera,Zorotypus weidneri,Zorotypus_955258,Zoraptera,Zorotypus
18S,SRR921568,Zygentoma,Atelura formicaria,,Zygentoma,Atelura
28S,SRR921568,Zygentoma,Atelura formicaria,,Zygentoma,Atelura
18S,SRR921648,Zygentoma,Thermobia domestica,Thermobia_167004,Zygentoma,Thermobia
28S,SRR921648,Zygentoma,Thermobia domestica,Thermobia_167004,Zygentoma,Thermobia
18S,SRR921654,Zygentoma,Tricholepidion gertschi,Tricholepidion_943276,Zygentoma,Tricholepidion
28S,SRR921654,Zygentoma,Tricholepidion gertschi,Tricholepidion_943276,Zygentoma,Tricholepidion