	Archaeognatha	Archaeogna
Blattodea	Blaberidae	Bla_Blaber
Blattodea	Ectobiidae	Bla_Blatti
Blattodea	Blattidae	Bla_Crypto
Blattodea	Cryptocercidae	Bla_Ectobi
Blattodea	Nocticolidae	Bla_Noctic
Blattodea	Corydiidae	Bla_Polyph
Coleoptera	Amphizoidae	Co_Ad_Amph
Coleoptera	Aspidytidae	Co_Ad_Aspi
Coleoptera	Carabidae	Co_Ad_Cara
Coleoptera	Dytiscidae	Co_Ad_Dyti
Coleoptera	Gyrinidae	Co_Ad_Gyri
Coleoptera	Haliplidae	Co_Ad_Hali
Coleoptera	Hygrobiidae	Co_Ad_Hygr
Coleoptera	Noteridae	Co_Ad_Note
Coleoptera	Trachypachidae	Co_Ad_Trac
Coleoptera	Cupedidae	Co_Ar_Cupe
Coleoptera	Micromalthidae	Co_Ar_Micr
Coleoptera	Ommatidae	Co_Ar_Omma
Coleoptera	Lepiceridae	Co_Myx_Lep
Coleoptera	Hydroscaphidae	Co_Myx_Hyd
Coleoptera	Sphaeriusidae	Co_Myx_Sph
Coleoptera	Torridincolidae	Co_Myx_Tor
Coleoptera	Aderidae	Co_P_Aderi
Coleoptera	Agyrtidae	Co_P_Agyrt
Coleoptera	Alexiidae	Co_P_Alexi
Coleoptera	Anobiidae	Co_P_Anobi
Coleoptera	Anthicidae	Co_P_Anthi
Coleoptera	Anthribidae	Co_P_Anthr
Coleoptera	Artematopodidae	Co_P_Artem
Coleoptera	Attelabidae	Co_P_Attel
Coleoptera	Belidae	Co_P_Belid
Coleoptera	Biphyllidae	Co_P_Biphy
Coleoptera	Boridae	Co_P_Borid
Coleoptera	Bostrichidae	Co_P_Bostr
Coleoptera	Bothrideridae	Co_P_Bothr
Coleoptera	Brachyceridae	Co_P_Brach
Coleoptera	Brentidae	Co_P_Brent
Coleoptera	Buprestidae	Co_P_Bupre
Coleoptera	Byrrhidae	Co_P_Byrrh
Coleoptera	Byturidae	Co_P_Bytur
Coleoptera	Callirhipidae	Co_P_Calli
Coleoptera	Cantharidae	Co_P_Canth
Coleoptera	Cephaloidae	Co_P_Cepha
Coleoptera	Cerambycidae	Co_P_Ceram
Coleoptera	Ceratocanthidae	Co_P_Cerat
Coleoptera	Cerylonidae	Co_P_Ceryl
Coleoptera	Chelonariidae	Co_P_Chelo
Coleoptera	Chrysomelidae	Co_P_Chrys
Coleoptera	Ciidae	Co_P_Ciida
Coleoptera	Clambidae	Co_P_Clamb
Coleoptera	Cleridae	Co_P_Cleri
Coleoptera	Coccinellidae	Co_P_Cocci
Coleoptera	Corylophidae	Co_P_Coryl
Coleoptera	Cryptophagidae	Co_P_Crypt
Coleoptera	Cucujidae	Co_P_Cucuj
Coleoptera	Curculionidae	Co_P_Curcu
Coleoptera	Dascillidae	Co_P_Dasci
Coleoptera	Dermestidae	Co_P_Derme
Coleoptera	Derodontidae	Co_P_Derod
Coleoptera	Discolomatidae	Co_P_Disco
Coleoptera	Drilidae	Co_P_Drili
Coleoptera	Dryopidae	Co_P_Dryop
Coleoptera	Elateridae	Co_P_Elate
Coleoptera	Elmidae	Co_P_Elmid
Coleoptera	Endomychidae	Co_P_Endom
Coleoptera	Epimetopidae	Co_P_Epime
Coleoptera	Erotylidae	Co_P_Eroty
Coleoptera	Eucinetidae	Co_P_Eucin
Coleoptera	Eucnemidae	Co_P_Eucne
Coleoptera	Eulichadidae	Co_P_Eulic
Coleoptera	Georissidae	Co_P_Geori
Coleoptera	Geotrupidae	Co_P_Geotr
Coleoptera	Glaphyridae	Co_P_Glaph
Coleoptera	Glaresidae	Co_P_Glare
Coleoptera	Helophoridae	Co_P_Helop
Coleoptera	Helotidae	Co_P_Helot
Coleoptera	Heteroceridae	Co_P_Heter
Coleoptera	Histeridae	Co_P_Histe
Coleoptera	Hybosoridae	Co_P_Hybos
Coleoptera	Hydraenidae	Co_P_Hydra
Coleoptera	Hydrochidae	Co_P_Hydroc
Coleoptera	Hydrophilidae	Co_P_Hydrop
Coleoptera	Ithyceridae	Co_P_Ithyc
Coleoptera	Kateretidae	Co_P_Kater
Coleoptera	Laemophloeidae	Co_P_Laemo
Coleoptera	Lampyridae	Co_P_Lampy
Coleoptera	Languriidae	Co_P_Langu
Coleoptera	Latridiidae	Co_P_Latri
Coleoptera	Leiodidae	Co_P_Leiod
Coleoptera	Limnichidae	Co_P_Limni
Coleoptera	Lucanidae	Co_P_Lucan
Coleoptera	Lutrochidae	Co_P_Lutro
Coleoptera	Lycidae	Co_P_Lycid
Coleoptera	Lymexylidae	Co_P_Lymex
Coleoptera	Mauroniscidae	Co_P_Mauro
Coleoptera	Melandryidae	Co_P_Melan
Coleoptera	Meloidae	Co_P_Meloi
Coleoptera	Melyridae	Co_P_Melyr
Coleoptera	Monotomidae	Co_P_Monot
Coleoptera	Mordellidae	Co_P_Morde
Coleoptera	Mycetophagidae	Co_P_Mycet
Coleoptera	Nemonychidae	Co_P_Nemon
Coleoptera	Nitidulidae	Co_P_Nitid
Coleoptera	Nosodendridae	Co_P_Nosod
Coleoptera	Ochodaeidae	Co_P_Ochod
Coleoptera	Oedemeridae	Co_P_Oedem
Coleoptera	Omalisidae	Co_P_Omali
Coleoptera	Omethidae	Co_P_Ometh
Coleoptera	Orsodacnidae	Co_P_Orsod
Coleoptera	Passalidae	Co_P_Passal
Coleoptera	Passandridae	Co_P_Passan
Coleoptera	Perimylopidae	Co_P_Perim
Coleoptera	Phalacridae	Co_P_Phala
Coleoptera	Phengodidae	Co_P_Pheng
Coleoptera	Phloeostichidae	Co_P_Phloe
Coleoptera	Phloiophilidae	Co_P_Phloi
Coleoptera	Pleocomidae	Co_P_Pleoc
Coleoptera	Prionoceridae	Co_P_Prion
Coleoptera	Propalticidae	Co_P_Propa
Coleoptera	Prostomidae	Co_P_Prost
Coleoptera	Protocucujidae	Co_P_Proto
Coleoptera	Psephenidae	Co_P_Pseph
Coleoptera	Ptiliidae	Co_P_Ptili
Coleoptera	Ptilodactylidae	Co_P_Ptilo
Coleoptera	Ptinidae	Co_P_Ptini
Coleoptera	Pyrochroidae	Co_P_Pyroc
Coleoptera	Pythidae	Co_P_Pythi
Coleoptera	Rhipiceridae	Co_P_Rhipi
Coleoptera	Ripiphoridae	Co_P_Ripip
Coleoptera	Salpingidae	Co_P_Salpi
Coleoptera	Scarabaeidae	Co_P_Scara
Coleoptera	Scirtidae	Co_P_Scirt
Coleoptera	Scraptiidae	Co_P_Scrap
Coleoptera	Scydmaenidae	Co_P_Scydm
Coleoptera	Silphidae	Co_P_Silph
Coleoptera	Silvanidae	Co_P_Silva
Coleoptera	Spercheidae	Co_P_Sperc
Coleoptera	Sphaeritidae	Co_P_Sphae
Coleoptera	Sphindidae	Co_P_Sphin
Coleoptera	Staphylinidae	Co_P_Staph
Coleoptera	Synchroidae	Co_P_Synch
Coleoptera	Tenebrionidae	Co_P_Teneb
Coleoptera	Tetratomidae	Co_P_Tetra
Coleoptera	Throscidae	Co_P_Thros
Coleoptera	Trictenotomidae	Co_P_Trict
Coleoptera	Trogossitidae	Co_P_Trogo
Coleoptera	Zopheridae	Co_P_Zophe
Collembola	Bourletiellidae	Coll_Bourl
Collembola	Brachystomellidae	Coll_Brach
Collembola	Dicyrtomidae	Coll_Dicyr
Collembola	Entomobryidae	Coll_Entom
Collembola	Hypogastruridae	Coll_Hypog
Collembola	Isotomidae	Coll_Isoto
Collembola	Katiannidae	Coll_Katia
Collembola	Neanuridae	Coll_Neanu
Collembola	Neelidae	Coll_Neeli
Collembola	Odontellidae	Coll_Odont
Collembola	Oncopoduridae	Coll_Oncop
Collembola	Onychiuridae	Coll_Onych
Collembola	Paronellidae	Coll_Paron
Collembola	Poduridae	Coll_Podur
Collembola	Sminthuridae	Coll_Smint
Collembola	Tomoceridae	Coll_Tomoc
Collembola	Tullbergiidae	Coll_Tullb
Dermaptera	Anisolabididae	Der_Anisol
Dermaptera	Apachyidae	Der_Apachy
Dermaptera	Chelisochidae	Der_Chelis
Dermaptera	Forficulidae	Der_Forfic
Dermaptera	Labiduridae	Der_Labidu
Dermaptera	Labiidae	Der_Labiid
Dermaptera	Pygidicranidae	Der_Pygidi
Diplura	Campodeidae	Dipl_Campo
Diplura	Japygidae	Dipl_Japyg
Diplura	Parajapygidae	Dipl_Para
Diplura	Projapygoidea	Dipl_Proj
Diptera	Acartophthalmidae	Di_Acartop
Diptera	Acroceridae	Di_Acrocer
Diptera	Agromyzidae	Di_Agromyz
Diptera	Anisopodidae	Di_Anisop
Diptera	Anthomyiidae	Di_Anthomyi
Diptera	Anthomyzidae	Di_Anthomyz
Diptera	Apioceridae	Di_Apiocer
Diptera	Apsilocephalidae	Di_Apsiloc
Diptera	Asilidae	Di_Asilida
Diptera	Asteiidae	Di_Asteiid
Diptera	Atelestidae	Di_Atelest
Diptera	Athericidae	Di_Atheric
Diptera	Aulacigastridae	Di_Aulacig
Diptera	Australimyzidae	Di_Austral
Diptera	Austroleptidae	Di_Austrol
Diptera	Axymyiidae	Di_Axymyii
Diptera	Bibionidae	Di_Bibioni
Diptera	Blephariceridae	Di_Blephar
Diptera	Bombyliidae	Di_Bombyli
Diptera	Braulidae	Di_Braulid
Diptera	Calliphoridae	Di_Calliph
Diptera	Canthyloscelidae	Di_Canthy
Diptera	Carnidae	Di_Carnida
Diptera	Cecidomyiidae	Di_Cecidom
Diptera	Ceratopogonidae	Di_Ceratop
Diptera	Chaoboridae	Di_Chaobor
Diptera	Chironomidae	Di_Chirono
Diptera	Chloropidae	Di_Chlorop
Diptera	Chyromyidae	Di_Chyromy
Diptera	Clusiidae	Di_Clusiid
Diptera	Coelopidae	Di_Coelopi
Diptera	Conopidae	Di_Conopid
Diptera	Corethrellidae	Di_Corethr
Diptera	Culicidae	Di_Culicid
Diptera	Deuterophlebiidae	Di_Deutero
Diptera	Diadocidiidae	Di_Diadoci
Diptera	Diopsidae	Di_Diopsid
Diptera	Dixidae	Di_Dixidae
Diptera	Dolichopodidae	Di_Dolicho
Diptera	Drosophilidae	Di_Drosoph
Diptera	Dryomyzidae	Di_Dryomyz
Diptera	Empididae	Di_Empidid
Diptera	Ephydridae	Di_Ephydri
Diptera	Fanniidae	Di_Fanniid
Diptera	Fergusoninidae	Di_Ferguso
Diptera	Glossinidae	Di_Glossin
Diptera	Helcomyzidae	Di_Helcomy
Diptera	Helosciomyzidae	Di_Helosci
Diptera	Hesperinidae	Di_Hesperi
Diptera	Heterocheilidae	Di_Heteroc
Diptera	Hilarimorphidae	Di_Hilarim
Diptera	Hippoboscidae	Di_Hippobo
Diptera	Hybotidae	Di_Hybotid
Diptera	Keroplatidae	Di_Keropla
Diptera	Lauxaniidae	Di_Lauxani
Diptera	Lonchaeidae	Di_Lonchae
Diptera	Lonchopteridae	Di_Lonchop
Diptera	Lygistorrhinidae	Di_Lygisto
Diptera	Marginidae	Di_Margin
Diptera	Micropezidae	Di_Micrope
Diptera	Milichiidae	Di_Milichi
Diptera	Muscidae	Di_Muscida
Diptera	Mycetophilidae	Di_Mycetop
Diptera	Mydidae	Di_Mydidae
Diptera	Mythicomyiidae	Di_Mythico
Diptera	Nemestrinidae	Di_Nemestr
Diptera	Neurochaetidae	Di_Neuroch
Diptera	Nycteribiidae	Di_Nycteri
Diptera	Odiniidae	Di_Odiniid
Diptera	Oestridae	Di_Oestrid
Diptera	Opomyzidae	Di_Opomyzi
Diptera	Pachyneuridae	Di_Pachyne
Diptera	Pallopteridae	Di_Pallopt
Diptera	Pelecorhynchidae	Di_Pelecor
Diptera	Periscelididae	Di_Perisce
Diptera	Perissommatidae	Di_Perisso
Diptera	Phoridae	Di_Phorida
Diptera	Piophilidae	Di_Piophil
Diptera	Pipunculidae	Di_Pipuncu
Diptera	Platypezidae	Di_Platype
Diptera	Platystomatidae	Di_Platyst
Diptera	Pleciidae	Di_Pleciid
Diptera	Psilidae	Di_Psilida
Diptera	Psychodidae	Di_Psychod
Diptera	Ptychopteridae	Di_Ptychop
Diptera	Pyrgotidae	Di_Pyrgoti
Diptera	Rhagionidae	Di_Rhagion
Diptera	Rhinophoridae	Di_Rhinoph
Diptera	Richardiidae	Di_Richar
Diptera	Sarcophagidae	Di_Sarcoph
Diptera	Scathophagidae	Di_Scathop
Diptera	Scatopsidae	Di_Scatops
Diptera	Scenopinidae	Di_Scenopi
Diptera	Sciardoceridae	Di_Sciadoc
Diptera	Sciaridae	Di_Sciarid
Diptera	Sciomyzidae	Di_Sciomyz
Diptera	Sepsidae	Di_Sepsida
Diptera	Simuliidae	Di_Simulii
Diptera	Somatiidae	Di_Somatid
Diptera	Sphaeroceridae	Di_Sphaero
Diptera	Stratiomyidae	Di_Stratio
Diptera	Streblidae	Di_Strebli
Diptera	Strongylophthalmyiidae	Di_Strongy
Diptera	Synneuridae	Di_Synneur
Diptera	Syrphidae	Di_Syrphid
Diptera	Tabanidae	Di_Tabanid
Diptera	Tachinidae	Di_Tachini
Diptera	Tanyderidae	Di_Tanyder
Diptera	Tephritidae	Di_Tephrit
Diptera	Thaumaleidae	Di_Thaumal
Diptera	Therevidae	Di_Therevi
Diptera	Tipulidae	Di_Tipulid
Diptera	Trichoceridae	Di_Trichoc
Diptera	Ulidiidae	Di_Ulidiid
Diptera	Vermileonidae	Di_Vermile
Diptera	Xenasteiidae	Di_Xenaste
Diptera	Xylomyidae	Di_Xylomyi
Diptera	Xylophagidae	Di_Xylopha
Embioptera	Anisembiidae	Emb_Anisem
Embioptera	Australembiidae	Emb_Austra
Embioptera	Clothodidae	Emb_Clotho
Embioptera	Embiidae	Emb_Embiid
Embioptera	Notoligotomidae	Emb_Notoli
Embioptera	Oligotomidae	Emb_Oligot
Embioptera	Teratembiidae	Emb_Terate
Ephemeroptera	Acanthametropodidae	Ep_Acantha
Ephemeroptera	Ameletidae	Ep_Ameleti
Ephemeroptera	Ameletopsidae	Ep_Ameleto
Ephemeroptera	Ametropodidae	Ep_Ametrop
Ephemeroptera	Baetidae	Ep_Baetida
Ephemeroptera	Baetiscidae	Ep_Baetisc
Ephemeroptera	Behningiidae	Ep_Behning
Ephemeroptera	Caenidae	Ep_Caenida
Ephemeroptera	Coloburiscidae	Ep_Colobur
Ephemeroptera	Dipteromimidae	Ep_Diptero
Ephemeroptera	Ephemerellidae	Ep_Ephemerel
Ephemeroptera	Ephemeridae	Ep_Ephemeri
Ephemeroptera	Euthyplociidae	Ep_Euthypl
Ephemeroptera	Heptageniidae	Ep_Heptage
Ephemeroptera	Ichthybotidae	Ep_Ichthyb
Ephemeroptera	Isonychiidae	Ep_Isonych
Ephemeroptera	Leptohyphidae	Ep_Leptohy
Ephemeroptera	Leptophlebiidae	Ep_Leptoph
Ephemeroptera	Metretopodidae	Ep_Metreto
Ephemeroptera	Neoephemeridae	Ep_Neoephe
Ephemeroptera	Nesameletidae	Ep_Nesamel
Ephemeroptera	Oligoneuriidae	Ep_Oligone
Ephemeroptera	Oniscigastridae	Ep_Oniscig
Ephemeroptera	Palingeniidae	Ep_Palinge
Ephemeroptera	Polymitarcyidae	Ep_Polymit
Ephemeroptera	Potamanthidae	Ep_Potaman
Ephemeroptera	Prosopistomatidae	Ep_Prosopi
Ephemeroptera	Rallidentidae	Ep_Rallide
Ephemeroptera	Siphlaenigmatidae	Ep_Siphlae
Ephemeroptera	Siphlonuridae	Ep_Siphlon
Ephemeroptera	Teloganodidae	Ep_Telogan
Ephemeroptera	Tricorythidae	Ep_Tricory
	Grylloblattidae	Grylloblat
Hemiptera	Acanthosomatidae	He_Acantho
Hemiptera	Achilidae	He_Achilid
Hemiptera	Achilixiidae	He_Achilix
Hemiptera	Aetalionidae	He_Aetalio
Hemiptera	Aleyrodoidea	He_Aleyrod
Hemiptera	Alydidae	He_Alydida
Hemiptera	Anthocoridae	He_Anthoco
Hemiptera	Aphelocheiridae	He_Apheloc
Hemiptera	Aphidoidea	He_Aphidoi
Hemiptera	Aphrophoridae	He_Aphroph
Hemiptera	Aradidae	He_Aradida
Hemiptera	Belostomatidae	He_Belosto
Hemiptera	Berytidae	He_Berytid
Hemiptera	Caliscelidae	He_Calisce
Hemiptera	Canopidae	He_Canopid
Hemiptera	Cercopidae	He_Cercopi
Hemiptera	Cicadellidae	He_Cicadel
Hemiptera	Cicadidae	He_Cicadid
Hemiptera	Cimicidae	He_Cimicid
Hemiptera	Cixiidae	He_Cixiida
Hemiptera	Clastopteridae	He_Clastop
Hemiptera	Coccoidea	He_Coccoid
Hemiptera	Colobathristidae	He_Colobat
Hemiptera	Coreidae	He_Coreida
Hemiptera	Corixidae	He_Corixid
Hemiptera	Cydnidae	He_Cydnida
Hemiptera	Delphacidae	He_Delphac
Hemiptera	Derbidae	He_Derbida
Hemiptera	Dictyopharidae	He_Dictyop
Hemiptera	Dinidoridae	He_Dinidor
Hemiptera	Dipsocoridae	He_Dipsoco
Hemiptera	Epipygidae	He_Epipygi
Hemiptera	Enicocephalidae	He_Enicoce
Hemiptera	Eurybrachyidae	He_Eurybra
Hemiptera	Flatidae	He_Flatida
Hemiptera	Fulgoridae	He_Fulgori
Hemiptera	Gelastocoridae	He_Gelasto
Hemiptera	Gerridae	He_Gerrida
Hemiptera	Hebridae	He_Hebrida
Hemiptera	Hermatobatidae	He_Hermato
Hemiptera	Hydrometridae	He_Hydrome
Hemiptera	Hyocephalidae	He_Hyoceph
Hemiptera	Idiostolidae	He_Idiosto
Hemiptera	Issidae	He_Issidae
Hemiptera	Joppeicidae	He_Joppeic
Hemiptera	Largidae	He_Largida
Hemiptera	Leptopodidae	He_Leptopo
Hemiptera	Lestoniidae	He_Lestoni
Hemiptera	Lophopidae	He_Lophopi
Hemiptera	Lyctocoridae	He_Lycetoc
Hemiptera	Lygaeidae	He_Lygaeio
Hemiptera	Machaerotidae	He_Machaer
Hemiptera	Macroveliidae	He_Macrove
Hemiptera	Malcidae	He_Malcida
Hemiptera	Meenoplidae	He_Meenopl
Hemiptera	Membracidae	He_Membrac
Hemiptera	Mesoveliidae	He_Mesovel
Hemiptera	Microphysidae	He_Microph
Hemiptera	Miridae	He_Miridae
Hemiptera	Myerslopiidae	He_Myerslo
Hemiptera	Nabidae	He_Nabidae
Hemiptera	Naucoridae	He_Naucori
Hemiptera	Nepidae	He_Nepidae
Hemiptera	Nogodinidae	He_Nogodin
Hemiptera	Notonectidae	He_Notonec
Hemiptera	Ochteridae	He_Ochteri
Hemiptera	Paraphrynoveliidae	He_Paraphy
Hemiptera	Peloridiidae	He_Pelorid
Hemiptera	Pentatomidae	He_Pentato
Hemiptera	Phloeidae	He_Phloeid
Hemiptera	Phylloxeroidea	He_Phyllox
Hemiptera	Phymatidae	He_Phymati
Hemiptera	Piesmatidae	He_Piesmat
Hemiptera	Plataspidae	He_Platasp
Hemiptera	Pleidae	He_Pleidae
Hemiptera	Plokiophilidae	He_Plokiop
Hemiptera	Psylloidea	He_Psylloi
Hemiptera	Pyrrhocoridae	He_Pyrrhoc
Hemiptera	Reduviidae	He_Reduvii
Hemiptera	Rhopalidae	He_Rhopali
Hemiptera	Ricaniidae	He_Ricanni
Hemiptera	Saldidae	He_Saldida
Hemiptera	Schizopteridae	He_Schizop
Hemiptera	Scutelleridae	He_Scutell
Hemiptera	Stenocephalidae	He_Stenoce
Hemiptera	Termitaphididae	He_Termita
Hemiptera	Tessaratomidae	He_Tessara
Hemiptera	Tettigometridae	He_Tettigo
Hemiptera	Thaumastocoridae	He_Thaumas
Hemiptera	Tingidae	He_Tingida
Hemiptera	Tropiduchidae	He_Tropidu
Hemiptera	Veliidae	He_Veliida
Hemiptera	Velocipedidae	He_Velocip
Hymenoptera	Agaonidae	Hy_Agaonid
Hymenoptera	Ampulicidae	Hy_Ampulic
Hymenoptera	Anaxyelidae	Hy_Anaxeli
Hymenoptera	Andrenidae	Hy_Andreni
Hymenoptera	Aphelinidae	Hy_Aphelin
Hymenoptera	Apidae	Hy_Apidae
Hymenoptera	Argidae	Hy_Argidae
Hymenoptera	Aulacidae	Hy_Aulacid
Hymenoptera	Bethylidae	Hy_Bethyli
Hymenoptera	Blasticotomidae	Hy_Blastic
Hymenoptera	Braconidae	Hy_Braconi
Hymenoptera	Bradynobaenidae	Hy_Bradyno
Hymenoptera	Cephidae	Hy_Cephida
Hymenoptera	Ceraphronidae	Hy_Ceraphr
Hymenoptera	Chalcididae	Hy_Chalcid
Hymenoptera	Chrysididae	Hy_Chrysid
Hymenoptera	Cimbicidae	Hy_Cimbici
Hymenoptera	Colletidae	Hy_Colleti
Hymenoptera	Crabronidae	Hy_Crabron
Hymenoptera	Cynipidae	Hy_Cynipid
Hymenoptera	Diapriidae	Hy_Diaprii
Hymenoptera	Diprionidae	Hy_Diprion
Hymenoptera	Encyrtidae	Hy_Encyrti
Hymenoptera	Eucharitidae	Hy_Euchari
Hymenoptera	Eulophidae	Hy_Eulophi
Hymenoptera	Eupelmidae	Hy_Eupelmi
Hymenoptera	Eurytomidae	Hy_Eurytom
Hymenoptera	Evaniidae	Hy_Evaniid
Hymenoptera	Figitidae	Hy_Figitid
Hymenoptera	Formicidae	Hy_Formici
Hymenoptera	Gasteruptiidae	Hy_Gasteru
Hymenoptera	Halictidae	Hy_Halicti
Hymenoptera	Heloridae	Hy_Helorid
Hymenoptera	Ibaliidae	Hy_Ibaliid
Hymenoptera	Ichneumonidae	Hy_Ichneum
Hymenoptera	Liopteridae	Hy_Liopter
Hymenoptera	Maamingidae	Hy_Maaming
Hymenoptera	Megachilidae	Hy_Megachi
Hymenoptera	Megalodontesidae	Hy_Megalod
Hymenoptera	Megalyridae	Hy_Megalyr
Hymenoptera	Megaspilidae	Hy_Megaspi
Hymenoptera	Melittidae	Hy_Melitti
Hymenoptera	Monomachidae	Hy_Monomac
Hymenoptera	Mutillidae	Hy_Mutilid
Hymenoptera	Mymaridae	Hy_Mymarid
Hymenoptera	Mymarommatidae	Hy_Mymaron
Hymenoptera	Orussidae	Hy_Orussid
Hymenoptera	Pamphiliidae	Hy_Pamphil
Hymenoptera	Pelecinidae	Hy_Pelecin
Hymenoptera	Pergidae	Hy_Pergida
Hymenoptera	Perilampidae	Hy_Perilam
Hymenoptera	Platygastridae	Hy_Platyga
Hymenoptera	Plumariidae	Hy_Plumari
Hymenoptera	Pompilidae	Hy_Pompili
Hymenoptera	Proctotrupidae	Hy_Proctot
Hymenoptera	Pteromalidae	Hy_Pteroma
Hymenoptera	Roproniidae	Hy_Roprion
Hymenoptera	Rotoitidae	Hy_Rotoiti
Hymenoptera	Sapygidae	Hy_Sapygid
Hymenoptera	Scelionidae	Hy_Scelion
Hymenoptera	Scolebythidae	Hy_Scoleby
Hymenoptera	Scoliidae	Hy_Scoliid
Hymenoptera	Siricidae	Hy_Siricid
Hymenoptera	Sierolomorphidae	Hy_Sierolo
Hymenoptera	Sphecidae	Hy_Sphecid
Hymenoptera	Stenotritidae	Hy_Stenotr
Hymenoptera	Stephanidae	Hy_Stephan
Hymenoptera	Tenthredinidae	Hy_Tenthre
Hymenoptera	Tetracampidae	Hy_Tetraca
Hymenoptera	Tiphiidae	Hy_Tiphiid
Hymenoptera	Torymidae	Hy_Torymid
Hymenoptera	Trichogrammatidae	Hy_Trichog
Hymenoptera	Trigonalidae	Hy_Trigona
Hymenoptera	Vanhorniidae	Hy_Vanhorn
Hymenoptera	Vespidae	Hy_Vespida
Hymenoptera	Xiphydriidae	Hy_Xiphydr
Hymenoptera	Xyelidae	Hy_Xyelida
Isoptera	Hodotermitidae	Is_Hodoter
Isoptera	Kalotermitidae	Is_Kaloter
Isoptera	Mastotermitidae	Is_Mastote
Isoptera	Rhinotermitidae	Is_Rhinote
Isoptera	Serritermitidae	Is_Serrite
Isoptera	Termitidae	Is_Termiti
Isoptera	Termopsidae	Is_Termops
Lepidoptera	Acanthopteroctetidae	L_Acanthop
Lepidoptera	Acrolophidae	L_Acroloph
Lepidoptera	Adelidae	L_Adelidae
Lepidoptera	Agathiphagidae	L_Agathiph
Lepidoptera	Agonoxenidae	L_Agonoxen
Lepidoptera	Aididae	L_Aididae
Lepidoptera	Alucitidae	L_Alucitid
Lepidoptera	Amphisbatidae	L_Amphisba
Lepidoptera	Andesianidae	L_Andesian
Lepidoptera	Anomoeotidae	L_Anomoeti
Lepidoptera	Anthelidae	L_Anthelid
Lepidoptera	Apatelodidae	L_Apatelod
Lepidoptera	Arctiidae	L_Arctiida
Lepidoptera	Argyresthiidae	L_Argyrest
Lepidoptera	Arrhenophanidae	L_Arrhenop
Lepidoptera	Autostichidae	L_Autostic
Lepidoptera	Batrachedridae	L_Batrache
Lepidoptera	Bedelliidae	L_Bedellid
Lepidoptera	Blastobasidae	L_Blastoba
Lepidoptera	Bombycidae	L_Bombycid
Lepidoptera	Brachodidae	L_Brachodi
Lepidoptera	Brahmaeidae	L_Brahmaei
Lepidoptera	Bucculatricidae	L_Bucculat
Lepidoptera	Callidulidae	L_Callidul
Lepidoptera	Carposinidae	L_Carposin
Lepidoptera	Carthaeidae	L_Carthaei
Lepidoptera	Castniidae	L_Castniid
Lepidoptera	Choreutidae	L_Choreuti
Lepidoptera	Cimeliidae	L_Cimeliid
Lepidoptera	Coleophoridae	L_Coleopho
Lepidoptera	Copromorphidae	L_Copromor
Lepidoptera	Cosmopterigidae	L_Cosmopte
Lepidoptera	Cossidae	L_Cossidae
Lepidoptera	Crambidae	L_Crambida
Lepidoptera	Crinopterygidae	L_Crinopte
Lepidoptera	Cyclotornidae	L_Cyclotor
Lepidoptera	Dalceridae	L_Dalcerid
Lepidoptera	Deoclonidae	L_Deocloni
Lepidoptera	Deuterogoniidae	L_Deuterog
Lepidoptera	Douglasiidae	L_Douglasi
Lepidoptera	Drepanidae	L_Drepanid
Lepidoptera	Dudgeoneidae	L_Dudgeoni
Lepidoptera	Elachistidae	L_Elachist
Lepidoptera	Endromidae	L_Endromid
Lepidoptera	Epicopeiidae	L_Epicopei
Lepidoptera	Epipyropidae	L_Epipyrop
Lepidoptera	Eriocottidae	L_Ericotti
Lepidoptera	Eriocraniidae	L_Eriocran
Lepidoptera	Eupterotidae	L_Eupterot
Lepidoptera	Gelechiidae	L_Gelechid
Lepidoptera	Geometridae	L_Geometri
Lepidoptera	Glyphidoceridae	L_Glyphido
Lepidoptera	Glyphipterigidae	L_Glyphipt
Lepidoptera	Gracillariidae	L_Gracilla
Lepidoptera	Hedylidae	L_Hedylida
Lepidoptera	Heliozelidae	L_Heliozel
Lepidoptera	Hepialidae	L_Hepialid
Lepidoptera	Hesperiidae	L_Hesperii
Lepidoptera	Heterobathmiidae	L_Heteroba
Lepidoptera	Heterogynidae	L_Heterogy
Lepidoptera	Himantopteridae	L_Himantop
Lepidoptera	Hyblaeidae	L_Hyblaeid
Lepidoptera	Immidae	L_Immidae
Lepidoptera	Incurvariidae	L_Incurvar
Lepidoptera	Lacturidae	L_Lacturid
Lepidoptera	Lasiocampidae	L_Lasiocam
Lepidoptera	Lecithoceridae	L_Lecithoc
Lepidoptera	Lemoniidae	L_Lemoniid
Lepidoptera	Limacodidae	L_Limacodi
Lepidoptera	Lycaenidae	L_Lycaenid
Lepidoptera	Lymantriidae	L_Lymantri
Lepidoptera	Lyonetiidae	L_Lyoneti
Lepidoptera	Megalopygidae	L_Megalopy
Lepidoptera	Micropterigidae	L_Micropte
Lepidoptera	Mimallonidae	L_Mimallon
Lepidoptera	Mirinidae	L_Mirinida
Lepidoptera	Mnesarchaeidae	L_Mnesacha
Lepidoptera	Momphidae	L_Momphida
Lepidoptera	Neopseustidae	L_Neopseus
Lepidoptera	Nepticulidae	L_Nepticul
Lepidoptera	Noctuidae	L_Noctuida
Lepidoptera	Notodontidae	L_Notodont
Lepidoptera	Nymphalidae	L_Nymphali
Lepidoptera	Oecophoridae	L_Oecophor
Lepidoptera	Opostegidae	L_Opostegi
Lepidoptera	Palaephatidae	L_Palaepha
Lepidoptera	Papilionidae	L_Papilion
Lepidoptera	Peleopodidae	L_Peleopod
Lepidoptera	Pieridae	L_Pieridae
Lepidoptera	Plutellidae	L_Plutelli
Lepidoptera	Prodoxidae	L_Prodoxid
Lepidoptera	Prototheoridae	L_Protothe
Lepidoptera	Psychidae	L_Psychida
Lepidoptera	Pterolonchidae	L_Pterolon
Lepidoptera	Pterophoridae	L_Pteropho
Lepidoptera	Pyralidae	L_Pyralida
Lepidoptera	Riodinidae	L_Riodinid
Lepidoptera	Roeslerstammiidae	L_Roeslers
Lepidoptera	Saturniidae	L_Saturnii
Lepidoptera	Sematuridae	L_Sematuri
Lepidoptera	Sesiidae	L_Sesiidae
Lepidoptera	Somabrachyidae	L_Somabrac
Lepidoptera	Sphingidae	L_Sphingid
Lepidoptera	Thyrididae	L_Thyridid
Lepidoptera	Tineidae	L_Tineidae
Lepidoptera	Tineodidae	L_Tineodid
Lepidoptera	Tischeriidae	L_Tischeri
Lepidoptera	Tortricidae	L_Tortrici
Lepidoptera	Uraniidae	L_Uraniida
Lepidoptera	Urodidae	L_Urodidae
Lepidoptera	Xyloryctidae	L_Xyloryct
Lepidoptera	Yponomeutidae	L_Yponomeu
Lepidoptera	Ypsolophidae	L_Ypsolop
Lepidoptera	Zygaenidae	L_Zygaenid
Mantodea	Acanthopidae	Man_Acanth
Mantodea	Amorphoscelidae	Man_Amorph
Mantodea	Chaeteessidae	Man_Chaete
Mantodea	Empusidae	Man_Empusi
Mantodea	Eremiaphilidae	Man_Eremia
Mantodea	Hymenopodidae	Man_Hymeno
Mantodea	Iridopterygidae	Man_Iridop
Mantodea	Liturgusidae	Man_Liturg
Mantodea	Mantidae	Man_Mantid
Mantodea	Mantoididae	Man_Mantoi
Mantodea	Metallyticidae	Man_Metall
Mantodea	Paraoxypilidae	Man_Paraox
Mantodea	Sibyllidae	Man_Sibyll
Mantodea	Tarachodidae	Man_Tarach
Mantodea	Thespidae	Man_Thespi
Mantodea	Toxoderidae	Man_Toxode
	Mantophasmatodea	Mantophasm
Mecoptera	Apteropanorpidae	Mec_Aptero
Mecoptera	Bittacidae	Mec_Bittac
Mecoptera	Boreidae	Mec_Boreid
Mecoptera	Choristidae	Mec_Choris
Mecoptera	Meropeidae	Mec_Merop
Mecoptera	Nannochoristidae	Mec_Nannoc
Mecoptera	Panorpidae	Mec_Panora
Mecoptera	Panorpodidae	Mec_Panorb
Megaloptera	Corydalidae	Meg_Coryda
Megaloptera	Sialidae	Meg_Sialid
Neuroptera	Ascalaphidae	Neu_Ascala
Neuroptera	Berothidae	Neu_Beroth
Neuroptera	Chrysopidae	Neu_Chryso
Neuroptera	Coniopterygidae	Neu_Coniop
Neuroptera	Hemerobiidae	Neu_Hemer
Neuroptera	Ithonidae	Neu_Ithoni
Neuroptera	Mantispidae	Neu_Mantis
Neuroptera	Myrmeleontidae	Neu_Myrmel
Neuroptera	Nemopteridae	Neu_Nemopt
Neuroptera	Nevrorthidae	Neu_Nevror
Neuroptera	Nymphidae	Neu_Nymphi
Neuroptera	Osmylidae	Neu_Osmyli
Neuroptera	Polystoechotidae	Neu_Polyst
Neuroptera	Psychopsidae	Neu_Psych
Neuroptera	Sisyridae	Neu_Sisyri
Odonata	Aeshnidae	Od_A_Aeshn
Odonata	Austropetaliidae	Od_A_Austr
Odonata	Chlorogomphidae	Od_A_Chlor
Odonata	Cordulegastridae	Od_A_Corda
Odonata	Corduliidae	Od_A_Cordb
Odonata	Gomphidae	Od_A_Gomph
Odonata	Libellulidae	Od_A_Libel
Odonata	Macromiidae	Od_A_Macro
Odonata	Neopetaliidae	Od_A_Neope
Odonata	Petaluridae	Od_A_Petal
Odonata	Synthemistidae	Od_A_Synth
Odonata	Epiophlebiidae	Od_AZ_Epio
Odonata	Amphyipterygidae	Od_Z_Amphy
Odonata	Calopterygidae	Od_Z_Calop
Odonata	Chlorocyphidae	Od_Z_Chlor
Odonata	Chorismagrionidae	Od_Z_Chori
Odonata	Coenagrionidae	Od_Z_Coena
Odonata	Dicteriadidae	Od_Z_Dicte
Odonata	Diphlebiidae	Od_Z_Diphl
Odonata	Euphaeidae	Od_Z_Eupha
Odonata	Hemiphlebiidae	Od_Z_Hemip
Odonata	Isostictidae	Od_Z_Isost
Odonata	Lestidae	Od_Z_Lesti
Odonata	Megapodagrionidae	Od_Z_Megap
Odonata	Perilestidae	Od_Z_Peril
Odonata	Platycnemididae	Od_Z_Platycn
Odonata	Platystictidae	Od_Z_Platyst
Odonata	Polythoridae	Od_Z_Polyt
Odonata	Protoneuridae	Od_Z_Proto
Odonata	Pseudolestidae	Od_Z_Pseuole
Odonata	Pseudostigmatidae	Od_Z_Pseuost
Odonata	Synlestidae	Od_Z_Synle
Orthoptera	Acrididae	Or_C_Acrid
Orthoptera	Chorotypidae	Or_C_Choro
Orthoptera	Cylindrachetidae	Or_C_Cylin
Orthoptera	Episactidae	Or_C_Episa
Orthoptera	Eumastacidae	Or_C_Eumas
Orthoptera	Euschmidtiidae	Or_C_Eusch
Orthoptera	Lentulidae	Or_C_Lentu
Orthoptera	Pamphagidae	Or_C_Pamph
Orthoptera	Pneumoridae	Or_C_Pneum
Orthoptera	Proscopiidae	Or_C_Prosc
Orthoptera	Pyrgomorphidae	Or_C_Pyrgo
Orthoptera	Rhipipterygidae	Or_C_Rhipi
Orthoptera	Romaleidae	Or_C_Romal
Orthoptera	Tanaoceridae	Or_C_Tanao
Orthoptera	Tetrigidae	Or_C_Tetri
Orthoptera	Thericleidae	Or_C_Theri
Orthoptera	Tridactylidae	Or_C_Trida
Orthoptera	Trigonopterygidae	Or_C_Trigo
Orthoptera	Xyronotidae	Or_C_Xyron
Orthoptera	Anostostomatidae	Or_E_Anost
Orthoptera	Gryllacrididae	Or_E_Gryllac
Orthoptera	Gryllidae	Or_E_Grylli
Orthoptera	Gryllotalpidae	Or_E_Gryllot
Orthoptera	Myrmecophilidae	Or_E_Myrme
Orthoptera	Prophalangopsidae	Or_E_Proph
Orthoptera	Rhaphidophoridae	Or_E_Rhaph
Orthoptera	Stenopelmatidae	Or_E_Steno
Orthoptera	Tettigoniidae	Or_E_Tetti
Phasmatodea	Agathemeridae	Pha_Agathe
Phasmatodea	Aschiphasmatidae	Pha_Aschip
Phasmatodea	Bacillidae	Pha_Bacill
Phasmatodea	Diapheromeridae	Pha_Diaphe
Phasmatodea	Heteronemiidae	Pha_Heteronem
Phasmatodea	Heteropterygidae	Pha_Heteropt
Phasmatodea	Phasmatidae	Pha_Phasma
Phasmatodea	Phylliidae	Pha_Phylli
Phasmatodea	Pseudophasmatidae	Pha_Pseudo
Phasmatodea	Timematidae	Pha_Timema
Phthiraptera	Boopidae	Pht_Boopid
Phthiraptera	Echinophthiriidae	Pht_Echino
Phthiraptera	Gyropidae	Pht_Gyropi
Phthiraptera	Haematomyzidae	Pht_Haemat
Phthiraptera	Heptapsogasteridae	Pht_Heptap
Phthiraptera	Hoplopleuridae	Pht_Hoplop
Phthiraptera	Laemobothriidae	Pht_Laemob
Phthiraptera	Linognathidae	Pht_Linogn
Phthiraptera	Menoponidae	Pht_Menopo
Phthiraptera	Pedicinidae	Pht_Pedici
Phthiraptera	Pediculidae	Pht_Pedicu
Phthiraptera	Philopteridae	Pht_Philop
Phthiraptera	Polyplacidae	Pht_Polypl
Phthiraptera	Pthiridae	Pht_Pthiri
Phthiraptera	Ricinidae	Pht_Ricini
Phthiraptera	Trichodectidae	Pht_Tricho
Plecoptera	Austroperlidae	Pl_Austrop
Plecoptera	Capniidae	Pl_Capniid
Plecoptera	Chloroperlidae	Pl_Chlorop
Plecoptera	Diamphipnoidae	Pl_Diamphi
Plecoptera	Eustheniidae	Pl_Eusthen
Plecoptera	Gripopterygidae	Pl_Gripopt
Plecoptera	Leuctridae	Pl_Leuctri
Plecoptera	Nemouridae	Pl_Nemouri
Plecoptera	Notonemouridae	Pl_Notonem
Plecoptera	Peltoperlidae	Pl_Peltope
Plecoptera	Perlidae	Pl_Perlida
Plecoptera	Perlodidae	Pl_Perlodi
Plecoptera	Pteronarcyidae	Pl_Pterona
Plecoptera	Scopuridae	Pl_Scopuri
Plecoptera	Styloperlidae	Pl_Stylope
Plecoptera	Taeniopterygidae	Pl_Taeniop
Protura	Acerentomidae	Pro_Aceren
Protura	Berberentomidae	Pro_Berber
Protura	Eosentomidae	Pro_Eosent
Protura	Fujientomidae	Pro_Fujien
Protura	Hesperentomidae	Pro_Hesper
Protura	Sinentomidae	Pro_Sinent
Psocoptera	Amphientomidae	Ps_Amphien
Psocoptera	Amphipsocidae	Ps_Amphips
Psocoptera	Archipsocidae	Ps_Archips
Psocoptera	Asiopsocidae	Ps_Asiopsc
Psocoptera	Caeciliusidae	Ps_Caecili
Psocoptera	Calopsocidae	Ps_Calopso
Psocoptera	Compsocidae	Ps_Compsoc
Psocoptera	Dasydemellidae	Ps_Dasydem
Psocoptera	Ectopsocidae	Ps_Ectopso
Psocoptera	Electrentomidae	Ps_Electre
Psocoptera	Elipsocidae	Ps_Elipsco
Psocoptera	Epipsocidae	Ps_Epipsoc
Psocoptera	Hemipsocidae	Ps_Hemipso
Psocoptera	Lachesillidae	Ps_Lachesi
Psocoptera	Lepidopsocidae	Ps_Lepidop
Psocoptera	Liposcelididae	Ps_Liposce
Psocoptera	Mesopsocidae	Ps_Mesopso
Psocoptera	Musapsocidae	Ps_Musapso
Psocoptera	Myopsocidae	Ps_Myopsoc
Psocoptera	Pachytroctidae	Ps_Pachytr
Psocoptera	Peripsocidae	Ps_Peripso
Psocoptera	Philotarsidae	Ps_Philota
Psocoptera	Prionoglarididae	Ps_Prionog
Psocoptera	Pseudocaeciliidae	Ps_Pseudoc
Psocoptera	Psilopsocidae	Ps_Psilops
Psocoptera	Psocidae	Ps_Pscocid
Psocoptera	Psoquillidae	Ps_Psoquil
Psocoptera	Psyllipsocidae	Ps_Psyllip
Psocoptera	Sphaeropsocidae	Ps_Sphaero
Psocoptera	Stenopsocidae	Ps_Stenops
Psocoptera	Trichopsocidae	Psc_Tricho
Psocoptera	Troctopsocidae	Ps_Troctop
Psocoptera	Trogiidae	Ps_Trogiid
Raphidioptera	Inocelliidae	Rap_Inocel
Raphidioptera	Raphidiidae	Rap_Raphid
Siphonaptera	Ceratophyllidae	Si_Ceratop
Siphonaptera	Chimaeropsyllidae	Si_Chimero
Siphonaptera	Coptopsyllidae	Si_Coptops
Siphonaptera	Ctenophthalmidae	Si_Ctenoph
Siphonaptera	Hystrichopsyllidae	Si_Hystri
Siphonaptera	Ischnopsyllidae	Si_Ischnop
Siphonaptera	Leptopsyllidae	Si_Leptops
Siphonaptera	Lycopsyllidae	Si_Lycopsy
Siphonaptera	Macropsyllidae	Si_Macrops
Siphonaptera	Pulicidae	Si_Pulicid
Siphonaptera	Pygiopsyllidae	Si_Pygiops
Siphonaptera	Rhopalopsyllidae	Si_Rhopalo
Siphonaptera	Stephanocircidae	Si_Stephan
Siphonaptera	Stivaliidae	Si_Stivali
Siphonaptera	Vermipsyllidae	Si_Vermips
	Strepsiptera	Strepsipte
Thysanoptera	Aeolothripidae	Thy_Aeolot
Thysanoptera	Heterothripidae	Thy_Hetero
Thysanoptera	Phlaeothripidae	Thy_Phlaeo
Thysanoptera	Thripidae	Thy_Thripi
Trichoptera	Anomalopsychidae	Tr_Anomalo
Trichoptera	Apataniidae	Tr_Apatani
Trichoptera	Atriplectididae	Tr_Atriple
Trichoptera	Beraeidae	Tr_Beraeid
Trichoptera	Brachycentridae	Tr_Brachyc
Trichoptera	Calamoceratidae	Tr_Calamoc
Trichoptera	Calocidae	Tr_Calocid
Trichoptera	Chathamiidae	Tr_Chatham
Trichoptera	Conoesucidae	Tr_Conoesu
Trichoptera	Dipseudopsidae	Tr_Dipseud
Trichoptera	Ecnomidae	Tr_Ecnomid
Trichoptera	Glossosomatidae	Tr_Glossos
Trichoptera	Goeridae	Tr_Goerida
Trichoptera	Helicophidae	Tr_Helicophi
Trichoptera	Helicopsychidae	Tr_Helicopsy
Trichoptera	Hydrobiosidae	Tr_Hydrobi
Trichoptera	Hydropsychidae	Tr_Hydrops
Trichoptera	Hydroptilidae	Tr_Hydropt
Trichoptera	Hydrosalpingidae	Tr_Hydrosa
Trichoptera	Kokiriidae	Tr_Kokirii
Trichoptera	Lepidostomatidae	Tr_Lepidos
Trichoptera	Leptoceridae	Tr_Leptoce
Trichoptera	Limnephilidae	Tr_Limneph
Trichoptera	Limnocentropodidae	Tr_Limnoce
Trichoptera	Molannidae	Tr_Molanni
Trichoptera	Odontoceridae	Tr_Odontoc
Trichoptera	Oeconesidae	Tr_Oecones
Trichoptera	Philopotamidae	Tr_Philopo
Trichoptera	Philorheithridae	Tr_Philorh
Trichoptera	Phryganeidae	Tr_Phrygane
Trichoptera	Phryganopsychidae	Tr_Phryganop
Trichoptera	Pisuliidae	Tr_Pisulii
Trichoptera	Polycentropodidae	Tr_Polycen
Trichoptera	Psychomyiidae	Tr_Psychom
Trichoptera	Rhyacophilidae	Tr_Rhyacop
Trichoptera	Sericostomatidae	Tr_Sericos
Trichoptera	Stenopsychidae	Tr_Stenops
Trichoptera	Tasimiidae	Tr_Tasimii
Trichoptera	Uenoidae	Tr_Uenoida
Trichoptera	Xiphocentronidae	Tr_Xiphoce
	Zoraptera	Zoraptera
Zygentoma	Lepidotrichidae	Zy_Lepidot
Zygentoma	Lepismatidae	Zy_Lepisma
Zygentoma	Nicoletiidae	Zy_Nicolet